Client List,Routes
aberdeen,data.aberdeencity.gov.uk
aberdeen,cc-p-aberdeen.ckan.io
axenit,cc-p-axenit.ckan.io
axenit,axenit-classic.ckan.io
axenit,axenit-clasic.ckan.io
axenit-ng,axenit.ckan.io
axenit-staging,axenit-classic-staging.ckan.io
axenit-staging,axenit-classic-staging.ckan.io
axenit-staging,cc-p-axenit-staging.ckan.io
axenit-staging-ng,axenit-staging.ckan.io
birmingham,cc-p-birmingham.ckan.io
birmingham,data.birmingham.gov.uk
cali,cc-p-cali.ckan.io
cali,cali.ckan.io
ckan-beta-2,beta.ckan.org
ckan-demo-3,demo.ckan.org
ckan-master-2,master.ckan.org
ckandemo-3,cc-p-ckandemo.ckan.io
cloud-deploy-tutorial-ng,cloud-deploy-tutorial-ng.ckan.io
cnra,cnra.ckan.io
cnra,cnra.ckan.io
cnra,cc-p-cnra.ckan.io
datahub,old.datahub.io
datahub,cc-p-datahub.ckan.io
deploy-demo,cc-p-deploy-demo.ckan.io
deploy-demo,deploy-demo.ckan.io
deploy-demo-ng,deploy-demo-ng.ckan.io
deploy-tutorial-demo,cc-p-deploy-tutorial-demo.ckan.io
deploy-url-test,cc-p-deploy-url-test.ckan.io
dodp,www.xn--opendata-pnv-djb.de
dodp,www.opendata-opnv.de
dodp,www.opendata-oepnv.de
dodp,cc-p-dodp.ckan.io
dsm-staging,dsm-staging.ckan.io
dsm-staging,cc-p-dsm-staging.ckan.io
dundeecity,cc-p-dundeecity.ckan.io
dundeecity,data.dundeecity.gov.uk
honduras,honduras.ckan.io
honduras,cc-p-honduras.ckan.io
honduras-staging,cc-p-honduras-staging.ckan.io
honduras-staging,honduras-staging.ckan.io
lacounts-2,lacounts.ckan.io
lacounts-2,cc-p-lacounts.ckan.io
lacounts-2,lacounts.org
lacounts-2,www.lacounts.org
lacounts-2,cc-p-lacounts-2.ckan.io
lacounts-staging,cc-p-lacounts-staging.ckan.io
lincolnshire,cc-p-lincolnshire.ckan.io
lithuania,lithuania.ckan.io
lithuania,cc-p-lithuania.ckan.io
meerbusch,opendata.meerbusch.de
meerbusch,cc-p-meerbusch.ckan.io
montreal,cc-p-montreal.ckan.io
montreal,data.montreal.ca
montreal,montreal.l3.ckan.io
montreal-frontend,montreal-frontend.ckan.io
montreal-frontend,donnees.montreal.ca
montreal-frontend,montreal.ckan.io
montreal-frontend-staging,montreal-frontend-staging.ckan.io
national-grid,cc-p-national-grid.ckan.io
national-grid,national-grid-admin.ckan.io
national-grid-ng-1,national-grid.ckan.io
national-grid-ng-1,data.nationalgrideso.com
national-grid-ng-staging,national-grid-staging.ckan.io
national-grid-staging,national-grid-admin-staging.ckan.io
national-grid-staging,cc-p-national-grid-staging.ckan.io
nav,cc-p-nav.ckan.io
nav,data.nav.no
navitasventures,cc-p-navitasventures.ckan.io
nhs,nhs.ckan.io
nhs,opendata.nhsbsa.net
nhs,cc-p-nhs.ckan.io
ni-5,cc-p-ni-5.ckan.io
ni-5,cc-p-ni.ckan.io
ni-5,www.opendatani.gov.uk
ni-staging,ni-staging.ckan.io
ni-staging,cc-p-ni-staging.ckan.io
opendatadenmark,portal.opendata.dk
opendatadenmark,cc-p-opendatadenmark.ckan.io
opendatadenmark,admin.opendata.dk
opendatadenmark-ng,www1.opendata.dk
opendatadenmark-ng,www.opendata.dk
opendatadenmark-ng,opendatadenmark-frontend.l3.ckan.io
opendatadenmark-ng,opendatadenmark-frontend.ckan.io
opendatadenmark-ng-staging,opendatadenmark-ng-staging.ckan.io
opendatadenmark-staging,cc-p-opendatadenmark-staging.ckan.io
opendatadenmark-staging,opendatadenmark-staging.ckan.io
panama-2,cc-p-panama.ckan.io
panama-2,panama.ckan.io
panama-2,www.datosabiertos.gob.pa
panama-2,cc-p-panama-2.ckan.io
perth,data.pkc.gov.uk
perth,cc-p-perth.ckan.io
pramerica,cc-p-pramerica.ckan.io
pramerica,pramerica.ckan.io
sandia,cc-p-sandia.ckan.io
sandia,sandia.ckan.io
stirling,cc-p-stirling.ckan.io
stirling,data.stirling.gov.uk
us-ed,cc-p-us-ed.ckan.io
us-ed,us-ed.l3.ckan.io
us-ed-ng,us-ed-ng.ckan.io
us-ed-testing,us-ed-testing.ckan.io
us-ed-testing,cc-p-us-ed-testing.ckan.io
us-ed-testing-2,us-ed-testing-2.ckan.io
us-ed-testing-2,cc-p-us-ed-testing-2.ckan.io
vital-strategies,cc-p-vital-strategies.ckan.io
vital-strategies,vital-strategies.l3.ckan.io
vrr,www.openvrr.de
vrr,cc-p-vrr.ckan.io
cloud-deploy-demo,cloud-deploy-demo.ckan.io
cloud-deploy-url-test,cloud-deploy-url-test.ckan.io
vitalstrategies-staging-2,cc-p-vitalstrategies-staging.ckan.io
vitalstrategies-staging-2,vitalstrategies-staging.l3.ckan.io
ori-test-stirling-10,cc-p-ori-test-stirling-10.ckan.io
cloud-deploy-tutorial-demo,cc-p-cloud-deploy-tutorial-demo.ckan.io
cloud-deploy-tutorial-demo,cloud-deploy-tutorial-demo.ckan.io
pramerica-test1,cc-p-pramerica-test1.ckan.io
ori-test-stirling-3,cc-p-ori-test-stirling-3.ckan.io
ori-test-stirling-11,cc-p-ori-test-stirling-11.ckan.io
